id,DuckDB Opt On,DuckDB Opt Off,LLM Opt,LLM + DuckDB Opt
12,0.013486862182617188,0.0166778564453125,0.009606599807739258,0.010312080383300781
27,0.016327381134033203,0.010646820068359375,0.011664152145385742,0.014943599700927734
45,0.010776519775390625,0.010807275772094727,0.012993812561035156,0.012841224670410156
59,0.012874126434326172,0.010509014129638672,0.010174274444580078,0.012110233306884766
108,0.012103080749511719,0.018249034881591797,0.011824846267700195,0.013411760330200195
144,0.011703968048095703,0.010805845260620117,0.012465238571166992,0.011935234069824219
147,0.014152050018310547,0.01048731803894043,0.012342214584350586,0.014365673065185547
