id,DuckDB Opt On,DuckDB Opt Off,LLM Opt,LLM + DuckDB Opt
255,0,0,0.016389131546020508,0.009680986404418945
