id,DuckDB Opt On,DuckDB Opt Off,LLM Opt,LLM + DuckDB Opt
149,0.0082550048828125,0.00946044921875,0.011516809463500977,0.0069255828857421875
312,0.007481813430786133,0.010036945343017578,0,0
