id,DuckDB Opt On,DuckDB Opt Off,LLM Opt,LLM + DuckDB Opt
10,0.15853476524353027,0.1589059829711914,0.16254925727844238,0.16384410858154297
15,0.24724102020263672,0.19519901275634766,0.20073986053466797,0.25433826446533203
43,0.2505359649658203,0.19549059867858887,0.1975877285003662,0.255612850189209
135,0.21729612350463867,0.23346805572509766,0.22940611839294434,0.2218034267425537
188,0.15900588035583496,0.17003226280212402,0.1803598403930664,0.16562747955322266
204,0.22486400604248047,0.16684675216674805,0.1751389503479004,0.23335504531860352
228,0.3416249752044678,0.3648805618286133,0.3751380443572998,0.3525512218475342
233,0.23673200607299805,0.18212676048278809,0.18802762031555176,0.23731112480163574
