id,DuckDB Opt On,DuckDB Opt Off,LLM Opt,LLM + DuckDB Opt
97,0.004889965057373047,0.011303186416625977,0.010924816131591797,0.004281520843505859
107,0.004166126251220703,0.012448787689208984,0.0035011768341064453,0.002936840057373047
139,0.004121541976928711,0.010439157485961914,0.010934829711914062,0.003068208694458008
251,0.004711151123046875,0.013372182846069336,0.012650728225708008,0.0039272308349609375
299,0.004184246063232422,0.011326074600219727,0.01286005973815918,0.004577159881591797
