id,DuckDB Opt On,DuckDB Opt Off,LLM Opt,LLM + DuckDB Opt
427,0.6722719669342041,0.7047338485717773,44.84436631202698,0.6762797832489014
434,0,0,12.805856227874756,0.33451414108276367
