id,DuckDB Opt On,DuckDB Opt Off,LLM Opt,LLM + DuckDB Opt
58,0.05650019645690918,4.287330865859985,4.276071786880493,0.053459882736206055
85,0.12955379486083984,4.599130153656006,4.6270952224731445,0.03850293159484863
231,0.05111432075500488,5.117727279663086,4.426250219345093,0.0396571159362793
